"x1","x2","y"
0.827656,-0.168639,0.910532
-1.25103,0.153222,-0.392328
-0.26885,0.271959,0.633549
0.187697,0.857406,1.842906
0.548965,-1.272675,-0.513963
1.216584,0.417336,2.657747
0.116781,-1.01308,-0.419516
-0.8087,-0.506429,-1.021531
-0.728176,-0.730053,-0.886632
0.722742,-0.601855,0.490257
0.480276,-0.076082,0.890191
0.015027,0.811022,1.772371
-0.081811,-0.376297,-0.014688
-0.708691,-1.287007,-1.785612
-0.714006,0.764391,1.051877
1.075145,1.324993,3.552111
-1.408077,0.48087,-0.255149
1.377442,0.744857,3.133235
1.08822,0.98221,3.188606
1.941264,-0.543111,1.627412
-0.507682,-0.659329,-0.887077
-0.410907,0.508826,0.816479
1.434696,0.907809,3.151813
-0.872526,0.269425,-0.229389
-0.807197,0.906968,1.200622
-0.289873,-0.95721,-0.806987
0.310665,-1.142093,-0.703477
-0.353121,-0.103968,0.166958
-0.065757,-0.613429,-0.435425
-0.431904,0.488726,0.626334
-0.358921,0.591793,0.972108
1.990384,0.163213,3.016081
-0.089766,-1.167144,-1.243221
-0.541077,0.897268,1.280392
-0.208593,-0.291175,-0.197186
-0.348406,1.194168,1.695286
0.04804,0.361209,1.509529
1.443536,0.837442,3.108254
1.985653,-0.504844,1.702506
-0.008986,-0.317716,0.28643
-0.731543,-0.615383,-1.081899
0.830776,0.684686,2.27975
0.700083,0.802602,2.63193
2.663554,0.79691,4.196311
0.215215,0.204007,0.785344
-0.059926,-1.652249,-1.634142
-2.163616,-0.288286,-1.955003
1.423527,0.156385,1.659781
-1.877041,0.11226,-1.094643
0.941982,1.008214,2.835193
-1.006697,0.244915,-0.050722
-0.728047,-0.27684,-0.403935
0.48352,-0.05919,0.668648
-0.425155,1.398742,1.925243
0.314972,-0.025424,0.581818
0.092576,-0.798153,-0.33036
-0.15655,0.425927,0.851216
-1.878288,-0.357463,-1.631306
-1.180793,-0.347874,-1.016274
-0.153983,0.166144,0.639488
1.422878,1.40552,4.012537
0.009895,-1.47598,-1.259666
0.39126,-0.488081,0.514759
-1.581279,0.332996,-0.624534
0.53737,-0.278029,0.693269
-0.215014,-0.853811,-0.940763
0.008155,-0.496199,0.09739
-0.253209,-1.323142,-1.421459
1.279931,0.888176,3.499525
-2.035622,1.926805,1.27325
-0.128794,-0.16071,0.203953
1.073296,-0.644009,0.835077
2.802336,-1.246796,1.456814
0.068101,-0.63979,-0.27191
-1.556683,-0.234349,-1.329097
1.414255,0.4607,2.723891
-0.061964,-1.057917,-0.883408
-0.870866,0.795981,0.959839
1.084716,-1.716355,-0.865408
0.46515,-1.41497,-0.875943
0.067226,-1.64009,-1.446797
0.291872,0.676822,2.032121
-1.756487,-0.545516,-1.79274
-1.254651,-0.026443,-0.61852
0.42141,1.464275,2.7755
0.104969,0.097751,0.745683
0.623731,-0.474034,0.731312
0.090974,-1.55715,-1.675919
0.63804,0.607838,2.280812
-1.348845,0.093426,-0.363359
-0.685883,1.630397,2.320874
-0.66317,-0.009131,-0.055498
-0.748276,0.901614,1.043329
0.145336,-1.571176,-1.62707
-0.155589,-0.092464,0.375472
-0.335322,0.864577,1.425587
0.948518,-0.006318,1.392989
0.277508,-0.812006,-0.224732
-0.394079,0.803633,1.163442
1.868845,-0.956641,1.061047
0.001319,-0.477466,-0.10202
1.302642,1.815941,4.466247
0.862562,1.678162,3.732108
-0.428623,-2.805073,-3.73486
1.73022,-1.186744,0.612649
0.02111,-0.144447,0.247925
-2.279451,-0.156187,-1.620452
1.391587,-0.761791,0.999018
1.250179,1.05735,3.622522
0.680688,0.318548,2.084868
-0.414931,0.585713,1.330418
-0.446534,1.5017,2.267593
-0.574771,-0.514072,-0.423766
-0.02703,-0.059525,0.601765
1.799954,1.563242,4.565854
0.279121,-0.789501,-0.146326
0.637317,1.374768,3.066795
1.300577,-0.8506,0.825676
0.775418,0.379619,1.705172
1.360362,0.902999,3.325405
0.438872,-0.226435,0.657823
0.505633,-1.177091,-0.299091
0.570886,-0.362475,0.708504
2.053096,-0.186685,2.236261
2.196399,-1.009273,1.524079
-0.75647,-0.970533,-1.484684
2.421403,1.470256,4.892051
1.034866,0.910606,3.088999
-0.316007,-0.384568,-0.263771
0.290197,-0.832435,-0.498608
1.167712,1.286346,3.664415
0.993729,1.35975,3.4926
2.025624,-0.815641,1.370211
-0.234427,0.633983,1.498727
-0.994466,0.130704,-0.385924
0.447946,-0.178529,0.557906
0.471275,-1.133178,-0.442504
0.394385,-0.483473,0.037101
-1.369557,-1.886988,-3.362762
2.494674,-0.029171,3.124937
-0.112382,0.574719,1.079166
2.205693,0.822805,4.157501
-0.238384,-0.356632,-0.479067
-1.295483,-1.348361,-2.571391
1.032808,0.046545,1.455847
0.146222,0.434229,1.270936
1.182541,-0.616045,0.990204
-0.327988,-0.665356,-0.681633
0.589929,-0.465767,0.41017
-0.75669,0.592312,0.380814
-1.099873,1.40152,1.326414
1.038409,-1.871805,-1.038761
0.378368,1.113906,2.445521
-0.242823,-1.041556,-1.252345
0.083843,0.987136,1.914547
-0.162483,1.570002,2.48697
-0.628479,0.194981,0.396639
1.269507,0.658824,2.756223
2.535199,0.609561,4.123558
0.786524,-2.094965,-1.577436
0.303806,0.562945,1.585443
0.466138,-1.005338,-0.459798
0.183028,-0.034452,0.694219
0.053668,0.253325,0.989457
-0.983907,0.576455,0.484984
-1.618821,-0.864847,-2.299992
-0.265574,-2.831501,-3.898388
1.766391,0.19213,2.664349
0.130583,0.221544,1.167924
0.16935,-0.541684,0.148892
-1.669652,-0.873352,-2.14707
2.036331,-2.007988,0.025289
-0.531779,1.12316,1.955424
-1.280449,-1.549331,-2.874986
0.144653,-1.884957,-1.860518
-0.394685,0.568372,0.700772
-0.547462,-1.44589,-1.948086
-1.17219,-1.01963,-1.770061
0.566484,0.734061,2.144835
-2.08919,0.269537,-1.124613
-2.662816,-0.46499,-2.410595
-0.164671,-0.997599,-0.721879
0.201341,-0.346635,0.187156
0.718871,0.365795,1.671702
0.7506,-1.035898,-0.147877
-0.820563,-0.797246,-1.221319
0.493692,0.828244,2.183538
0.355081,-0.105149,1.041422
1.181734,-1.413954,-0.17296
0.086067,0.1598,0.859055
-1.173353,0.74717,0.688795
0.41107,3.07153,5.493535
0.761273,-0.121208,1.369131
0.151226,0.491912,1.507271
1.045889,-0.148629,1.493214
0.886301,-0.2586,0.80925
-0.012764,-1.112367,-0.957606
-0.018991,-0.703862,-0.495678
-0.456489,0.550724,0.979656
0.886003,-0.476883,1.220758
-0.98334,0.097427,-0.23193
1.294401,0.194005,1.926085
-0.726126,0.465282,0.314928
-0.493436,0.698793,0.964599
-1.409879,0.693461,0.336679
-0.43441,0.046192,0.363396
-0.64152,-0.076833,0.139246
0.90063,-0.016799,1.360522
1.819721,-1.41899,0.341824
0.329224,1.538729,3.029461
0.329042,0.641747,2.030353
-0.268263,0.582317,1.411601
-0.052827,0.625292,1.4776
0.724788,-0.139286,0.962258
0.299965,-2.069189,-1.620868
0.420002,-0.717043,0.076776
0.110543,0.393727,1.127608
-0.198056,-1.338833,-1.618759
0.68097,0.837408,2.408217
-0.144221,-0.628365,-0.35853
0.422878,-1.46621,-0.766601
0.149834,-0.168571,0.801874
-1.933199,0.482227,-0.490893
-0.210447,-0.53153,-0.394822
1.168915,-0.517242,0.790094
-0.635296,0.956065,1.161357
0.226529,-1.67044,-1.381199
-0.356172,0.922842,1.706347
-0.868868,0.190109,0.01265
0.749255,-0.585122,0.441346
-1.603274,-1.388183,-2.70981
0.166839,1.272172,2.436203
-1.057797,0.341574,0.068433
0.63041,-0.705227,0.136743
-1.391503,1.812368,1.709367
-1.677498,-0.859106,-2.071889
-0.4351,-0.45305,-0.396641
1.274611,-0.443537,1.109436
-0.170849,-0.458059,-0.386094
1.866018,0.319514,2.938859
-0.93355,-1.035714,-1.555971
-0.590367,-1.014339,-1.416845
0.374426,0.391427,1.532275
0.353611,-0.726391,-0.209097
0.892692,-0.844057,0.430966
1.194575,-0.826466,0.74579
-0.11003,-0.702,-0.692741
-1.070609,-1.692583,-2.917928
0.945701,-0.567132,0.620955
-2.616031,1.378944,-0.122137
0.509845,-0.982858,-0.305629
-0.523123,-0.848671,-0.851062
0.204469,-0.16455,0.383059
-0.502162,-0.151567,-9.2e-05
1.226511,-1.9259,-0.745538
-0.059358,-1.2606,-1.524621
0.498785,0.637294,1.934104
1.303805,-0.254982,1.383408
-1.610362,-0.782054,-2.21557
0.864453,1.106687,3.143826
-1.73543,1.614278,1.146496
1.918185,-0.21165,1.96037
0.111724,-0.788875,-0.444167
-0.058556,0.944294,1.726151
-1.209424,1.078182,1.093785
-0.460905,-0.071642,0.106452
0.569226,0.234127,1.578464
1.07792,-1.027657,0.193649
-1.149038,-2.518748,-3.959106
-1.251977,-0.445437,-1.160674
0.104345,1.084853,2.109867
-0.041194,-0.105391,0.34445
0.772847,-2.133383,-1.425049
-0.485687,1.953609,2.79084
-0.10837,1.098678,2.317584
-1.662263,-0.096409,-1.143661
-0.782038,0.296395,0.394645
1.187392,-0.612041,0.909689
-1.390898,-0.850576,-2.164023
0.643167,-1.830965,-1.218763
-0.580312,0.737958,0.978737
-0.071549,0.5244,1.579894
-0.796197,-0.17267,-0.128978
0.210816,-0.37763,0.470867
1.174209,0.264118,2.408264
-2.431157,0.161853,-1.528657
-0.356273,-0.908641,-1.096744
-1.349323,-0.543174,-1.252208
0.186438,0.942236,1.851373
-1.592731,-0.038428,-1.242874
0.48967,0.114983,1.32813
0.285048,0.165337,1.116891
-1.352547,0.199549,-0.592818
-0.301117,0.153839,0.449009
0.094768,-2.172953,-2.50236
0.073554,-0.145555,0.483719
0.478524,-0.263148,0.659104
0.086626,-0.885358,-0.678691
-1.197499,0.26791,-0.372876
0.381659,-0.004336,0.868162
-0.317299,1.081567,1.926112
-0.58847,-0.294031,-0.160615
-0.821317,-0.894944,-1.558817
-1.208926,-0.222501,-0.741141
-0.917281,-1.89832,-3.212256
-0.48409,0.456947,1.008398
1.031463,-0.012564,1.365008
-0.769763,-1.406449,-2.142152
0.651877,-1.222173,-0.395593
-0.771195,0.443325,0.468299
1.222995,1.382636,3.794099
-0.004183,0.520943,1.512201
-0.61783,-1.808605,-2.516577
-1.085117,1.843612,2.295363
0.390673,-1.002645,-0.166665
-0.102413,-0.401666,-0.095362
0.289158,0.562384,1.456863
0.274996,-0.30345,0.585101
1.546329,-1.001569,0.805539
-2.045863,-0.584839,-2.19401
0.196194,-0.917285,-0.402482
-0.157177,-0.12653,0.17058
0.63886,1.343852,3.297933
-0.562568,-0.013648,-0.197352
-1.125604,-0.243878,-0.749977
-0.822881,-1.233766,-1.805532
-1.958938,-0.865688,-2.438844
-1.398338,2.682278,2.925527
-0.981697,-0.915104,-1.315802
0.472732,0.70554,2.151087
0.095155,0.543979,1.314064
0.922024,0.382794,1.952167
0.737816,-0.866891,0.077494
0.338402,-1.090612,-0.78883
0.265645,0.568531,1.913721
-0.165828,0.112185,0.837848
1.864483,-0.627013,1.360682
0.843908,-1.346427,-0.585149
0.417131,-0.292806,0.544629
-1.690851,2.114559,1.96632
0.639852,-1.912033,-1.68645
-0.097799,0.366513,0.81402
0.027454,-0.54419,-0.239717
-0.851746,-0.318623,-0.476216
-2.132075,-1.021782,-3.061858
-0.26861,-0.955477,-0.734695
1.135264,1.2543,3.355055
0.939758,-0.3044,0.983342
-0.953028,-0.735803,-1.370925
1.003007,0.997656,3.089722
0.263713,-1.326931,-0.862145
0.677466,0.457939,2.020409
-1.467147,1.016175,0.66936
-0.528368,-0.235232,-0.144614
0.406052,0.158239,0.980668
-1.13165,0.129528,-0.529197
-0.891205,0.150334,-0.252634
-0.013997,1.859049,3.24628
-0.300263,0.468898,1.022972
-1.153109,-0.091461,-0.805444
-0.252091,0.876782,1.602543
1.104737,-1.363644,-0.032644
1.897674,-1.074514,0.909071
0.002442,-0.035683,0.766257
-1.564041,0.069848,-0.897854
-2.461251,0.920503,-0.378268
0.23054,-0.407602,0.293819
-1.538079,-0.10209,-1.25948
-0.476773,-1.189542,-1.39403
0.083281,-0.448988,0.022853
1.171363,0.039918,1.941194
0.591189,-1.620895,-1.208605
-0.065021,0.688261,1.238538
-0.382308,1.562422,2.462019
0.80593,0.897729,2.478567
0.707912,-0.471238,0.487229
1.415642,0.362079,2.449921
0.802781,-0.525088,0.477108
0.109322,0.105656,0.89972
-0.26521,1.352916,2.3804
1.742208,0.479378,2.93847
-0.69072,0.378981,0.471445
0.456106,0.982855,2.465996
-0.530323,-1.167403,-1.720085
-0.588718,0.104233,0.190556
0.077716,2.214995,3.682985
-0.294175,0.838611,1.37548
1.793962,0.340305,3.055607
-1.238032,-1.780765,-3.36468
0.705586,-0.298817,1.302085
0.204465,0.667353,1.583266
2.288529,-1.386776,0.939638
0.394933,0.267761,0.97896
-0.305917,0.959466,1.566543
1.953467,0.616712,3.682057
0.947614,0.397112,2.09534
-1.608333,-0.580561,-1.761111
-0.133117,1.130595,1.982685
0.215107,-1.922723,-2.159473
0.661785,1.107642,2.933786
-0.059669,-0.10506,0.49177
-0.68167,0.340423,0.410873
-0.026588,-2.444858,-3.032557
-0.340949,1.118876,1.833505
-0.392631,0.208818,0.341681
1.476475,-1.163593,0.645215
-0.043488,-1.527266,-1.728234
-0.676745,-1.170743,-1.715324
0.8679,0.432043,1.999764
-1.652025,-0.072506,-1.097248
0.870042,-0.544753,0.645621
1.002377,-0.518309,0.965308
-0.271775,1.73865,2.927886
0.938853,1.446977,3.808249
-0.537784,-0.771186,-0.783113
-0.485747,-0.581598,-0.544124
-0.382572,1.082012,1.790834
-2.327351,0.610205,-1.010678
-1.490045,-1.495154,-3.155372
0.482168,0.303886,1.454675
0.481099,-0.323859,0.697929
-0.095955,-0.707011,-0.492737
0.735641,-1.173508,-0.256584
-1.243259,-2.122747,-3.620515
-0.07129,0.244264,0.635942
1.882145,0.35431,2.92157
-1.913763,-0.656681,-2.03495
0.980842,1.653759,3.706921
0.816952,-0.854919,0.069631
0.007747,-0.615705,-0.185102
0.067173,-1.815055,-2.068449
0.16348,-0.61243,-0.180268
-0.22245,-1.203708,-1.200123
-0.523961,1.542547,2.140324
0.993279,-0.162857,1.620885
-0.172307,0.333524,0.912381
0.305877,0.258655,0.973727
0.005343,1.493223,2.699644
-0.47411,-0.605551,-0.64114
1.402715,0.142715,2.263195
-0.615196,0.445732,0.950603
-0.111441,-0.672301,-0.494756
-0.169956,-0.79759,-0.586207
-0.545504,-1.245013,-1.619023
-0.30891,-3.600411,-4.85016
-0.396603,-1.544629,-1.846639
0.400148,0.089463,1.059761
0.759157,-0.780338,0.309052
0.734543,1.210823,3.133608
0.167079,0.892167,1.842615
2.120492,-0.789177,1.554504
0.526181,-0.632579,0.563331
0.71188,1.577429,3.614122
0.562577,-0.833691,0.028271
0.365097,-0.413783,0.521855
0.374561,0.602432,1.95715
0.722901,-0.546809,0.641036
-0.050786,0.883886,1.309327
1.392153,1.399364,4.038617
-2.008117,0.984876,0.051679
1.162572,-0.154241,1.411393
-0.430983,-1.435509,-1.849193
-2.012352,1.018798,0.00153
-0.211037,1.187909,2.098489
0.008978,0.028538,0.325695
-0.293828,-1.088368,-1.038279
0.83549,1.37119,3.679415
1.534079,0.234304,2.677828
1.07454,0.103139,1.804451
0.723772,-0.248889,1.01699
0.062652,-0.502415,0.08187
0.492055,1.029261,2.307396
0.685042,-0.631712,0.329829
-2.319827,0.501999,-1.22873
0.232657,-0.042736,0.92819
-0.027576,-2.267738,-2.598096
-0.285725,0.953331,1.396454
2.049037,-0.353322,2.225391
-0.821144,0.703814,1.080556
-2.054299,-0.421676,-2.17915
1.212697,0.121318,1.847066
-0.216683,0.510245,1.089119
-2.348282,1.066702,-0.189466
-1.62619,0.672997,-0.088785
-0.355151,-0.105032,-0.231701
-0.114559,1.229491,2.234185
-1.383064,0.37462,-0.265687
-0.46068,-0.157058,-0.059809
2.024907,-0.5645,1.914821
0.402057,-1.249311,-0.649156
-0.601342,0.438082,0.667949
-0.068218,-0.731448,-0.543195
-0.640953,1.423821,2.182857
-1.910704,-0.618977,-2.270921
1.019057,-0.737367,0.632759
-1.192749,1.025686,0.976365
-0.441594,0.525334,0.627387
0.248323,-0.975788,-0.681466
2.270714,0.484073,3.587399
-0.326479,2.657983,4.441528
-1.134444,-0.049123,-0.431626
-0.493961,-1.01206,-1.383995
-0.042254,-0.590678,-0.417603
0.521741,-1.348493,-0.607602
-0.827739,0.452926,0.267295
-1.160436,0.313651,-0.220367
-0.100933,1.991823,3.110132
-1.793889,0.985461,0.00149
0.193476,0.679935,1.538196
-0.145457,-0.930323,-0.96599
-1.419792,-1.226815,-2.340432
0.484621,-1.921217,-1.873852
-0.147109,-0.95583,-0.89042
-0.816879,1.513858,1.914194
-0.306239,-0.707836,-0.587712
0.395399,-1.762493,-1.352063
1.411452,-0.086669,1.924137
1.233695,0.191387,2.125976
1.829489,-0.18318,1.905907
2.01728,-0.123963,2.224956
0.054839,1.739677,3.270363
-0.95738,0.833071,0.734261
1.692411,0.646042,3.165718
-1.985213,0.989809,0.002945
-1.473114,0.026023,-0.988033
2.189202,-0.101058,2.980623
1.965919,0.027286,2.366569
-0.083061,1.25529,2.39654
0.46011,0.463432,1.85693
2.071266,0.787278,4.035979
-0.245794,-0.075345,0.186493
0.310892,-0.19921,0.71222
1.243823,-1.394298,0.313869
-0.558286,-1.215551,-1.617633
0.175486,0.144208,1.268891
1.716093,-0.21198,1.918524
0.331714,-0.359656,0.33984
0.505654,0.547053,1.806269
1.239216,0.329882,2.27783
0.610617,-0.823887,-0.145923
-1.66185,-0.888923,-2.342246
-1.29963,-1.217627,-2.130877
-2.12814,-0.501793,-2.258554
0.170233,-0.075497,0.416777
0.028338,0.942685,2.168243
0.664682,-0.008024,1.253307
-0.696982,0.409084,0.820254
-0.530629,-1.030356,-1.381194
0.697338,0.637595,2.528143
1.721542,0.614432,2.977974
0.572042,-0.257697,0.505311
-0.637303,-0.058286,-0.222542
1.598136,-0.597648,1.455166
-1.81103,-0.74722,-2.131955
0.406732,0.783992,2.115138
0.575659,-0.771387,0.332986
0.959769,-0.414102,1.021771
-0.324622,-0.938415,-1.265125
0.518364,0.035462,1.076356
-0.334606,-0.484292,-0.32661
-1.632333,-0.133646,-1.733195
0.843793,-0.200282,1.151156
0.301143,1.962014,3.437959
-0.131674,-0.129155,0.162252
0.392991,0.603901,1.923891
1.278177,-1.389379,-0.004426
-1.919044,-1.580854,-3.509021
-0.311565,0.420346,1.006583
-0.519049,-0.341334,-0.336342
1.015223,-1.20692,-0.372015
-3.076518,0.854088,-1.209436
-1.711331,-1.351482,-3.044106
-1.155115,0.157624,-0.304223
0.861545,-0.503383,0.934363
2.04683,-0.661155,1.771022
-0.349655,-0.218048,-0.005645
0.681495,0.343545,1.465363
-0.180219,-1.419672,-1.576714
-0.196355,-1.149765,-1.074978
-0.402677,-0.710409,-1.02234
-0.379065,0.270698,0.425924
1.189458,0.219345,2.273833
-0.913221,0.054371,-0.100234
0.949802,0.454895,2.230129
-0.30185,-0.821021,-0.835469
0.081099,1.17568,2.501529
-0.47324,-0.817503,-1.149679
0.355332,-0.282473,0.421968
0.226642,1.186105,2.653008
-0.920438,0.090885,-0.503812
-0.622816,-0.543107,-0.671589
1.066441,0.215429,1.740796
-0.714127,1.159255,1.659655
2.000657,0.876423,3.643401
0.063247,-1.495055,-1.521184
0.654237,0.055382,1.755243
0.028696,2.428776,4.327067
1.427812,-1.56167,-0.067198
1.31692,0.673859,2.783227
1.224078,-0.937773,0.72216
0.839587,-2.210095,-1.519562
0.016259,0.187618,0.720327
0.149833,1.16606,2.408085
0.564162,-0.101855,1.240376
-2.500335,0.124897,-1.734858
0.150306,-0.754908,-0.439474
-1.26286,-0.347588,-1.106105
1.201167,0.641134,2.730628
0.144114,-1.449136,-1.620034
0.788935,-2.506828,-2.423762
-0.747265,0.26523,0.153424
-0.025547,0.175716,0.628982
0.411061,-0.31615,0.472607
-1.525534,1.924873,1.771062
0.211943,-0.249257,0.587788
-1.254883,-0.807105,-1.735516
-1.126934,-0.619841,-1.484142
0.575182,0.828195,2.212694
-1.230174,-0.492145,-1.484451
-0.593802,-0.341124,-0.609223
0.373934,0.328888,1.617771
-0.968881,-0.268614,-1.016865
0.819182,-0.10863,1.131121
-1.827903,0.621731,-0.210791
-1.086958,-0.218829,-0.563429
-0.989548,-0.241504,-0.812912
-0.203907,1.572842,2.517998
1.101658,-0.251036,1.302677
-1.764114,0.792477,-0.339515
0.611612,0.364256,1.881849
-1.087193,-0.467226,-0.949447
0.736289,1.280614,3.119468
0.861606,0.040276,1.608432
0.591944,-1.31248,-0.828622
-0.153151,-1.359806,-1.721428
-1.433149,-0.298557,-1.347967
-1.05598,-0.803134,-1.880702
0.014875,1.393774,2.315918
-0.739696,0.825833,1.106373
-0.848214,-0.766615,-1.364687
1.07891,0.356383,2.108767
-0.918975,0.099465,-0.037815
0.454695,0.188492,1.47785
-1.194979,0.686832,0.211423
0.227706,-1.986755,-2.058209
-1.069123,2.190791,2.421137
0.655859,-1.237837,-0.375377
-1.74114,1.546603,1.031271
0.344918,-0.533716,0.222013
0.448072,-0.654239,0.181571
0.069857,0.02252,0.499781
-1.116027,-2.369659,-4.168106
-0.376489,-0.83389,-1.002414
0.146411,1.362959,2.811159
-0.786429,0.404621,0.141162
-1.142854,0.514415,0.077733
0.924857,-1.368359,-0.32167
2.021218,-0.968096,1.247129
-1.156715,-2.08579,-3.44727
-0.182425,-0.102566,0.216084
-1.862902,0.355168,-0.572722
-0.347478,-0.038124,0.115487
-0.408078,-0.026955,0.301894
-0.107382,0.072664,0.667178
-1.468768,0.406776,-0.369241
-0.238917,-0.335061,-0.034598
-0.9167,-0.103277,-0.508154
0.064209,0.885722,2.039022
0.327375,-0.341043,0.559777
-1.638782,-0.284494,-1.655466
-0.157776,-0.84644,-0.883057
0.153729,-0.715268,-0.374273
-0.794989,-1.149039,-1.79004
-1.500974,-0.278507,-1.627135
-1.627265,-0.191159,-1.414014
0.370099,0.505438,1.677756
1.78522,-0.716597,1.405032
-0.060916,-0.753116,-0.555275
-0.270608,-0.422017,-0.276716
-0.470216,0.249736,0.324254
-1.239248,-1.262201,-2.536847
0.302166,-0.217288,0.61837
1.599227,-0.790708,1.38505
0.43113,0.484676,1.601891
-0.053229,-0.5796,-0.249648
-0.782333,-1.645801,-2.667441
0.62061,1.464727,3.288356
-0.372709,0.071957,0.461861
-0.708176,2.406828,3.123073
-1.050948,-0.991121,-1.742227
-0.241326,1.138549,1.974479
-0.21025,-0.652825,-0.327527
1.898511,-0.053372,2.373366
0.353076,-0.354871,0.369945
1.068309,0.151576,2.110906
0.421237,0.554219,1.978091
-0.695589,0.219541,-0.198989
-0.389154,-2.105118,-2.536499
0.276827,0.905812,1.797545
0.515257,-0.664229,0.52157
1.122317,-0.210738,1.424532
0.187665,-0.550316,0.065034
2.506818,0.296084,3.564913
0.469905,1.027925,2.682601
1.101175,0.152438,1.888395
2.506494,-1.501185,1.14361
0.496842,0.527508,1.985478
0.936526,-1.100531,-0.31073
0.932621,-1.304983,-0.041873
0.71743,-0.72098,0.401203
0.652118,-0.848279,-0.038193
1.477247,1.060624,3.2699
-0.261456,1.814164,2.855633
-1.328728,-0.427624,-1.359819
-0.58791,-1.419119,-2.23447
0.225931,-1.23694,-0.890348
-1.828724,0.250653,-1.061781
1.205124,2.239052,4.945474
0.530363,0.278494,1.307286
0.432503,-0.029075,1.02706
1.140346,-1.201756,-0.004066
1.003491,1.356557,3.211279
-0.426821,0.664137,1.207219
1.485267,-0.203583,1.710056
0.714789,-0.043146,1.256447
0.93313,-0.687936,0.639966
0.000169,0.545187,1.171028
-1.67191,-1.218031,-2.857655
-0.344289,-0.38292,-0.375217
-0.308838,-0.380643,-0.250644
1.634377,-1.72291,-0.026716
-1.36792,-0.680982,-1.799854
-0.141043,-1.385731,-1.593307
0.890021,1.787855,4.132249
1.495163,0.35285,2.711218
-3.204751,1.22131,-0.93112
-0.144451,-0.123184,0.569149
-0.54264,-0.057803,-0.368786
-1.189405,0.514715,0.302079
0.852025,1.296004,3.11788
0.192333,-0.044953,0.667678
-0.995464,-0.383409,-0.69475
-1.024169,-0.597659,-1.19668
0.843637,-0.559987,0.992391
-1.316643,-0.36572,-1.204573
0.829219,-0.815772,0.648193
0.699511,-2.014522,-1.273161
-1.346438,0.77263,0.475568
0.972297,1.920618,4.102703
-0.218169,-0.356807,-0.033011
0.315959,-0.199425,0.574094
1.145688,-0.669298,0.80706
-1.430177,-1.838824,-3.577948
-0.036657,0.752667,1.561121
0.661561,-0.799014,0.34082
-1.241641,-0.988968,-2.268383
-0.806724,-0.905307,-1.489018
-0.520569,1.523625,2.384816
-0.085047,1.130654,1.991673
1.032994,0.607145,2.209045
-1.344266,2.258861,2.403609
-0.083808,0.20707,0.744374
0.893443,0.636348,2.551287
-0.579092,-0.566387,-0.85701
-0.596958,-0.957943,-1.596447
1.483779,-1.229393,0.242689
0.681134,0.026783,1.241906
0.34225,-1.753706,-1.584031
-0.331137,1.288987,2.306809
1.972996,-1.493728,0.480198
-1.338367,-0.605822,-1.620924
1.141419,0.113413,1.834624
1.305507,1.567975,4.038269
0.485847,0.305429,1.700805
-0.115144,-0.471695,-0.070618
0.133217,-0.671107,-0.120727
-0.31032,-0.143514,-0.135643
0.398472,0.714503,2.062428
-1.678394,-0.032192,-1.324583
1.031691,-0.549102,0.936275
0.776933,-2.199576,-1.423477
-1.856697,-1.250708,-3.022198
-0.354334,1.099703,1.756762
1.201605,0.827832,3.196191
-0.53534,-3.29065,-4.457647
1.083726,-1.394692,-0.446895
-0.128545,0.283593,0.863337
-1.838529,-0.389939,-1.902382
0.15574,0.006236,0.91721
0.045544,-0.273105,0.154744
-2.754491,0.367941,-1.631085
1.362448,-0.681104,1.071645
0.308912,0.336158,1.413124
1.30191,0.407933,2.47762
0.612418,-0.509604,0.707147
0.981124,0.253804,2.056454
-0.618484,-0.197452,-0.208845
0.677599,0.03949,1.664197
0.673237,0.576466,1.841659
-0.135841,0.182195,0.632193
0.493452,0.945117,2.436175
-0.768429,-0.975454,-1.448487
-0.824412,0.178275,0.029621
0.692881,-0.34324,1.071166
1.453506,-1.705496,-0.555178
-0.001435,-1.215405,-1.26715
-1.937346,0.081083,-1.331314
0.861575,-1.451435,-0.391861
0.185516,-1.105973,-0.861998
-1.469873,-0.255937,-1.327889
2.882205,0.718184,4.746912
-1.047706,-1.095382,-1.98323
-0.537354,1.700959,2.332359
-1.668258,-2.47855,-4.197078
0.014394,0.028833,0.831294
-0.375476,0.027236,0.521196
0.911864,-1.658639,-0.746525
0.31164,-1.270726,-0.532336
0.061409,-0.95891,-1.017434
0.208971,-0.543687,-0.115231
0.127554,1.309328,2.488314
-0.137932,-1.587613,-1.904268
-0.124936,1.667478,3.021385
-2.845338,-0.671509,-2.99176
0.605805,-1.003141,-0.283733
-0.318254,-0.611817,-0.644655
0.114537,-0.872089,-0.504959
0.604007,1.026831,2.341806
-0.991947,-0.389272,-0.940374
0.891068,-0.712089,0.692932
-0.985375,-1.10785,-2.007141
0.143231,-0.915148,-0.545184
0.187482,0.757288,2.077243
1.161227,0.806669,2.866119
-1.070393,-0.124832,-0.617138
-2.094942,-0.685658,-2.414934
-0.536863,-0.452363,-0.507633
1.378574,1.275419,3.881744
-1.115163,1.179917,1.070141
-2.464041,-0.09749,-2.180152
-1.914868,0.703839,-0.573984
-0.421565,0.384127,1.019813
-1.519154,0.031466,-0.594309
-0.733909,-0.582922,-0.673108
-0.513058,0.87643,1.68027
-1.407473,1.351635,0.985507
0.185078,0.383783,1.482947
-0.2861,0.461587,1.040661
0.615607,-0.238161,0.770996
-1.445258,-0.277671,-1.374521
0.883983,-1.296736,-0.333858
1.257181,1.610073,3.918593
-1.22887,1.991214,1.737074
-0.892647,1.677259,2.292619
-0.630048,-0.74992,-0.866443
0.946271,0.460341,2.446231
1.51751,-0.034056,2.056814
-0.291941,-0.303105,-0.236124
0.906027,0.909398,2.84141
0.935862,-0.49096,0.975206
0.084617,2.141104,3.741087
2.452897,-1.499073,1.126251
0.044765,-0.484122,-0.045403
0.626036,0.272888,1.450583
0.350013,0.938661,2.288943
0.120846,-1.764278,-1.603655
-0.826573,-0.701853,-1.359464
-0.784397,-1.294733,-2.002281
3.131885,1.730316,6.218339
-0.47771,0.442839,0.761132
-2.470344,-1.220933,-3.520795
-2.431602,-1.763436,-4.375804
0.296092,-1.709811,-1.476167
-0.272778,2.321858,3.706368
0.216239,-0.485145,-0.065494
-0.443391,0.193269,0.299532
-1.096273,0.754347,0.764676
0.547264,0.797846,2.320466
-0.73442,-0.534089,-0.995635
-0.331162,0.991378,1.280664
1.781495,0.078241,2.490913
0.846898,0.641371,2.290844
1.430801,0.156778,2.102126
0.352779,-0.426773,0.735174
1.354693,1.129298,3.710854
0.216603,-0.598038,-0.107163
-0.380853,-0.060446,0.331929
-0.097233,-2.201984,-2.394372
-0.068708,1.777452,2.671184
0.243427,-0.470746,0.255781
1.410995,1.599868,4.113741
-1.023307,0.353451,-0.102358
-0.130581,0.538681,1.023952
-1.246319,-0.096873,-0.592881
1.100124,-0.377323,1.195845
-0.782029,0.968365,0.939161
-1.323047,1.571854,1.236008
0.531882,-1.239887,-0.277407
0.322073,-2.236221,-1.87227
-0.192459,-0.103237,0.35515
0.492018,0.10515,1.382038
-1.082269,-0.094533,-0.777324
0.124674,-0.995925,-0.74283
0.43718,0.53487,1.686728
-0.036815,-2.106526,-2.453711
0.828202,-1.405758,-0.905957
0.290442,-0.591919,-0.153312
-0.302955,0.737325,1.430599
2.170241,-0.481671,2.175597
0.165959,1.730931,3.097271
0.283525,1.827904,3.458597
0.432769,0.437031,1.767007
-0.934363,0.902082,1.019701
1.358751,0.854494,3.256125
-1.742668,0.417317,-0.564031
0.580938,0.194715,1.444851
0.953605,0.113405,1.994268
0.335324,0.434073,1.381192
-1.614179,0.780097,0.11267
1.248063,1.912456,4.401544
0.396518,1.006572,2.41851
-1.30371,0.281594,-0.281805
-1.215568,1.182266,1.169934
-0.688873,0.591239,0.72108
0.296229,-0.758058,-0.034594
1.211862,-0.032724,1.768713
-0.252063,0.695058,1.260214
-0.84267,2.475934,3.50683
0.863216,0.365731,2.016891
-0.56526,-0.481845,-0.57064
1.55169,0.427137,2.74969
0.743058,-1.000871,-0.067131
-0.040149,0.593657,1.316952
0.452882,-0.634869,0.399834
-0.685299,-0.479124,-0.595683
2.170781,-2.373729,-0.615007
-1.714128,-0.434262,-1.739493
-0.404763,-0.898767,-1.095514
-0.561955,-0.625077,-0.936674
-2.266722,-1.06643,-3.120783
-0.079218,0.551096,1.207105
1.046724,-0.604784,0.791889
-0.976803,0.361243,0.167724
0.271622,-0.2292,0.523041
-0.601372,0.666359,1.001957
-0.562009,-0.134159,0.01004
-0.016487,0.158884,0.844917
-1.78502,0.718019,-0.114786
2.294585,2.291711,6.002485
2.344297,0.729441,3.907226
-0.227918,-0.503547,-0.347013
-0.1079,0.145338,0.702709
-0.819429,-0.502462,-0.948109
0.35147,0.00833,1.053162
-0.255939,0.83246,1.737702
-1.067209,0.48971,0.285633
1.68266,-0.242945,2.365524
-1.023701,0.551765,0.394104
0.267609,0.911449,2.252617
0.022892,-1.383431,-1.479651
-0.329657,1.200165,1.957417
1.477552,-1.141522,0.413958
-0.128357,-0.283943,0.195382
1.511862,-0.020374,1.792426
-0.033476,1.901368,3.095211
-1.529515,2.599284,2.793039
-0.304189,0.229275,0.333159
-0.023619,-1.538262,-1.74583
0.40114,-1.601682,-1.238283
1.4552,1.003256,3.595988
0.034555,0.128305,0.780878
1.579754,-0.385942,1.748021
-0.337698,-0.080041,0.069971
-0.293857,0.06741,0.665837
-0.531106,-0.476393,-0.847563
1.006391,1.362425,3.524242
0.371756,-0.963562,-0.430072
0.746961,0.601584,2.260961
1.987366,1.48037,4.519637
0.25522,0.10391,1.181532
1.703063,1.579604,4.558948
0.205361,-0.490951,-0.002123
-0.635839,0.141162,0.029124
1.040749,-0.362204,1.088703
0.680388,1.714925,3.440955
-0.72168,0.425447,0.411832
1.828826,-0.36029,1.847223
0.444932,1.105848,2.541694
-0.441664,0.749777,1.284626
1.512669,0.330574,2.341984
0.450545,-0.382247,0.638232
0.638514,-0.811819,0.079454
2.049388,-0.246543,2.176542
-0.544516,0.844478,1.18556
0.371882,-0.993546,-0.379339
-1.209955,-1.337052,-2.310239
0.384526,2.675482,4.566256
-2.217977,0.711413,-0.582638
0.058675,0.410756,1.162444
0.277368,2.590488,4.437672
